path	status	last_ts	session	event_count	failed_edits
.claude/launch.json	ok	2026-04-12T07:18:53.833Z	408e744e-78ee-4abd-8410-75f31bd6b514	7	0
api/.env	edit-only-no-baseline	2026-04-16T11:37:55.164Z	933463e3-5720-44e1-abe4-1849f13e654a	2	0
api/.gitignore	edit-only-no-baseline	2026-04-18T15:37:57.053Z	be3aa36e-d031-4f68-8884-2980ab463026	3	0
api/app/Console/Commands/AutomationsTickCommand.php	edit-only-no-baseline	2026-04-09T13:01:54.820Z	760e980a-60c6-4ce2-b981-c8381dd53d7c	1	0
api/app/Console/Commands/BirthdayRewardCommand.php	edit-only-no-baseline	2026-04-09T11:57:28.825Z	760e980a-60c6-4ce2-b981-c8381dd53d7c	1	0
api/app/Console/Commands/RegenerateCardSerials.php	ok	2026-04-15T20:05:33.118Z	80b96fd0-7b38-4395-931e-d4fab8d49c96	1	0
api/app/Http/Controllers/Api/App/CustomerAuthController.php	ok	2026-04-13T11:50:07.946Z	408e744e-78ee-4abd-8410-75f31bd6b514	9	0
api/app/Http/Controllers/Api/App/CustomerCardsController.php	ok	2026-04-16T14:42:10.747Z	ccd8c76c-ba0b-4bba-b552-d84037291910	37	0
api/app/Http/Controllers/Api/App/CustomerDevicesController.php	ok	2026-04-15T08:24:59.410Z	e26f3f9c-f971-47eb-b562-513cac0a04ef	1	0
api/app/Http/Controllers/Api/App/CustomerFavoritesController.php	ok	2026-04-14T08:45:06.015Z	3b82b9a0-d7ed-45df-9847-635a1e01a96b	3	0
api/app/Http/Controllers/Api/App/CustomerProfileController.php	ok	2026-04-09T11:34:55.450Z	760e980a-60c6-4ce2-b981-c8381dd53d7c	4	0
api/app/Http/Controllers/Api/Op/AppIconController.php	ok	2026-04-16T21:04:23.906Z	ccd8c76c-ba0b-4bba-b552-d84037291910	1	0
api/app/Http/Controllers/Api/Op/AuthController.php	edit-only-no-baseline	2026-04-18T15:39:11.693Z	be3aa36e-d031-4f68-8884-2980ab463026	2	0
api/app/Http/Controllers/Api/Op/BannerController.php	ok	2026-04-12T08:57:06.418Z	408e744e-78ee-4abd-8410-75f31bd6b514	1	0
api/app/Http/Controllers/Api/Op/CustomersController.php	ok-with-1-failed-edits	2026-04-13T13:07:57.197Z	95885aa8-75d8-4610-93a5-96d2ca543bcc	11	1
api/app/Http/Controllers/Api/Op/NotificationsController.php	ok	2026-04-15T13:44:47.983Z	ccd8c76c-ba0b-4bba-b552-d84037291910	5	0
api/app/Http/Controllers/Api/Op/OtpSmsLogsController.php	ok	2026-04-16T14:23:08.754Z	933463e3-5720-44e1-abe4-1849f13e654a	3	0
api/app/Http/Controllers/Api/Op/PlatformSettingsController.php	edit-only-no-baseline	2026-04-18T15:32:48.983Z	933463e3-5720-44e1-abe4-1849f13e654a	13	0
api/app/Http/Controllers/Api/Op/SubscriptionController.php	edit-only-no-baseline	2026-04-12T07:12:53.804Z	dbc4d471-ff63-4700-9562-86322f794b6a	1	0
api/app/Http/Controllers/Api/Op/TenantsController.php	edit-only-no-baseline	2026-04-13T13:26:21.623Z	95885aa8-75d8-4610-93a5-96d2ca543bcc	2	0
api/app/Http/Controllers/Api/Public/PublicCardController.php	edit-only-no-baseline	2026-04-12T09:56:03.086Z	3b82b9a0-d7ed-45df-9847-635a1e01a96b	4	0
api/app/Http/Controllers/Api/Public/PublicOtpController.php	edit-only-no-baseline	2026-04-18T15:38:21.133Z	be3aa36e-d031-4f68-8884-2980ab463026	6	0
api/app/Http/Controllers/Api/Public/SignupController.php	edit-only-no-baseline	2026-04-11T15:45:25.399Z	3b82b9a0-d7ed-45df-9847-635a1e01a96b	1	0
api/app/Http/Controllers/Api/PublicOtpController.php	ok	2026-04-08T19:11:04.235Z	760e980a-60c6-4ce2-b981-c8381dd53d7c	1	0
api/app/Http/Controllers/Api/Tenant/AuthController.php	edit-only-no-baseline	2026-04-18T15:39:03.763Z	be3aa36e-d031-4f68-8884-2980ab463026	5	0
api/app/Http/Controllers/Api/Tenant/AutomationController.php	edit-only-no-baseline	2026-04-09T13:55:10.452Z	760e980a-60c6-4ce2-b981-c8381dd53d7c	1	0
api/app/Http/Controllers/Api/Tenant/CardController.php	edit-only-no-baseline	2026-04-13T12:49:39.160Z	95885aa8-75d8-4610-93a5-96d2ca543bcc	3	0
api/app/Http/Controllers/Api/Tenant/CashierController.php	edit-only-no-baseline	2026-04-09T13:54:53.365Z	760e980a-60c6-4ce2-b981-c8381dd53d7c	2	0
api/app/Http/Controllers/Api/Tenant/CustomerController.php	edit-only-no-baseline	2026-04-09T11:40:02.053Z	760e980a-60c6-4ce2-b981-c8381dd53d7c	6	0
api/app/Http/Controllers/Api/Tenant/DashboardController.php	edit-only-no-baseline	2026-04-09T11:46:00.742Z	760e980a-60c6-4ce2-b981-c8381dd53d7c	1	0
api/app/Http/Controllers/Api/Tenant/IntegrationsController.php	edit-only-no-baseline	2026-04-16T11:37:15.844Z	933463e3-5720-44e1-abe4-1849f13e654a	3	0
api/app/Http/Controllers/Api/Tenant/LocationController.php	edit-only-no-baseline	2026-04-15T18:42:55.375Z	80b96fd0-7b38-4395-931e-d4fab8d49c96	2	0
api/app/Http/Controllers/Api/Tenant/MessageController.php	edit-only-no-baseline	2026-04-09T11:45:00.143Z	760e980a-60c6-4ce2-b981-c8381dd53d7c	3	0
api/app/Http/Controllers/Api/Tenant/ReportsController.php	edit-only-no-baseline	2026-04-09T11:42:44.680Z	760e980a-60c6-4ce2-b981-c8381dd53d7c	9	0
api/app/Http/Controllers/Api/Wallet/WalletController.php	edit-only-no-baseline	2026-04-09T10:30:04.179Z	760e980a-60c6-4ce2-b981-c8381dd53d7c	1	0
api/app/Http/Middleware/CheckPlanQuota.php	ok	2026-04-12T08:20:20.100Z	408e744e-78ee-4abd-8410-75f31bd6b514	2	0
api/app/Http/Middleware/CheckSubscription.php	edit-only-no-baseline	2026-04-12T07:54:48.448Z	408e744e-78ee-4abd-8410-75f31bd6b514	5	0
api/app/Http/Middleware/SecurityHeaders.php	ok	2026-04-18T15:39:21.208Z	be3aa36e-d031-4f68-8884-2980ab463026	1	0
api/app/Models/Banner.php	ok	2026-04-12T08:56:47.388Z	408e744e-78ee-4abd-8410-75f31bd6b514	1	0
api/app/Models/Customer.php	ok	2026-04-09T11:26:03.189Z	760e980a-60c6-4ce2-b981-c8381dd53d7c	2	0
api/app/Models/CustomerFavorite.php	ok	2026-04-13T11:27:37.787Z	3b82b9a0-d7ed-45df-9847-635a1e01a96b	1	0
api/app/Models/CustomerProfile.php	ok	2026-04-09T11:25:38.794Z	760e980a-60c6-4ce2-b981-c8381dd53d7c	1	0
api/app/Models/IssuedCard.php	edit-only-no-baseline	2026-04-16T07:18:26.446Z	80b96fd0-7b38-4395-931e-d4fab8d49c96	3	0
api/app/Models/Location.php	edit-only-no-baseline	2026-04-15T18:42:32.984Z	80b96fd0-7b38-4395-931e-d4fab8d49c96	2	0
api/app/Models/OtpSmsLog.php	ok	2026-04-16T13:03:52.442Z	933463e3-5720-44e1-abe4-1849f13e654a	2	0
api/app/Models/PushToken.php	edit-only-no-baseline	2026-04-15T08:24:25.471Z	e26f3f9c-f971-47eb-b562-513cac0a04ef	1	0
api/app/Models/SentNotification.php	ok	2026-04-15T08:19:57.112Z	e26f3f9c-f971-47eb-b562-513cac0a04ef	1	0
api/app/Models/SentNotificationRecipient.php	ok	2026-04-15T08:20:05.612Z	e26f3f9c-f971-47eb-b562-513cac0a04ef	1	0
api/app/Providers/AppServiceProvider.php	edit-only-no-baseline	2026-04-18T15:44:51.950Z	be3aa36e-d031-4f68-8884-2980ab463026	4	0
api/app/Services/Auth/OtpService.php	ok-with-1-failed-edits	2026-04-18T15:37:47.117Z	be3aa36e-d031-4f68-8884-2980ab463026	34	1
api/app/Services/Auth/SendResult.php	ok	2026-04-08T19:10:18.182Z	760e980a-60c6-4ce2-b981-c8381dd53d7c	1	0
api/app/Services/Auth/VerifyResult.php	ok	2026-04-08T19:10:26.890Z	760e980a-60c6-4ce2-b981-c8381dd53d7c	1	0
api/app/Services/Automation/FlowEngine.php	edit-only-no-baseline	2026-04-09T11:46:55.006Z	760e980a-60c6-4ce2-b981-c8381dd53d7c	1	0
api/app/Services/Messaging/Firebase/FcmTransport.php	ok	2026-04-15T13:41:40.479Z	ccd8c76c-ba0b-4bba-b552-d84037291910	2	0
api/app/Services/Messaging/Firebase/FirebaseClient.php	ok	2026-04-15T08:17:27.123Z	e26f3f9c-f971-47eb-b562-513cac0a04ef	1	0
api/app/Services/Messaging/PushService.php	edit-only-no-baseline	2026-04-15T13:50:54.023Z	ccd8c76c-ba0b-4bba-b552-d84037291910	6	0
api/app/Services/Messaging/SmsService.php	ok	2026-04-16T11:37:40.547Z	933463e3-5720-44e1-abe4-1849f13e654a	2	0
api/app/Services/Notifications/BroadcastNotifier.php	ok	2026-04-15T13:47:10.410Z	ccd8c76c-ba0b-4bba-b552-d84037291910	6	0
api/app/Services/Notifications/CardNotificationDispatcher.php	edit-only-no-baseline	2026-04-15T08:25:13.744Z	e26f3f9c-f971-47eb-b562-513cac0a04ef	5	0
api/app/Services/Wallet/Apple/ApplePassBuilder.php	edit-only-no-baseline	2026-04-09T11:49:52.181Z	760e980a-60c6-4ce2-b981-c8381dd53d7c	1	0
api/app/Services/Wallet/Google/GooglePassBuilder.php	edit-only-no-baseline	2026-04-09T11:55:46.320Z	760e980a-60c6-4ce2-b981-c8381dd53d7c	1	0
api/bootstrap/app.php	edit-only-no-baseline	2026-04-18T15:44:35.662Z	be3aa36e-d031-4f68-8884-2980ab463026	4	0
api/composer.json	edit-only-no-baseline	2026-04-15T08:16:54.687Z	e26f3f9c-f971-47eb-b562-513cac0a04ef	2	0
api/config/auth.php	edit-only-no-baseline	2026-04-18T15:37:53.371Z	be3aa36e-d031-4f68-8884-2980ab463026	1	0
api/config/cors.php	edit-only-no-baseline	2026-04-18T15:37:59.950Z	be3aa36e-d031-4f68-8884-2980ab463026	3	0
api/config/firebase.php	ok	2026-04-15T08:16:28.594Z	e26f3f9c-f971-47eb-b562-513cac0a04ef	1	0
api/config/messaging.php	edit-only-no-baseline	2026-04-16T11:37:50.784Z	933463e3-5720-44e1-abe4-1849f13e654a	2	0
api/database/migrations/2026_04_09_140000_create_customer_profiles_and_migrate_data.php	ok	2026-04-09T11:24:51.882Z	760e980a-60c6-4ce2-b981-c8381dd53d7c	1	0
api/database/migrations/2026_04_12_085614_create_banners_table.php	ok-with-1-failed-edits	2026-04-12T08:56:37.768Z	408e744e-78ee-4abd-8410-75f31bd6b514	2	1
api/database/migrations/2026_04_12_120000_add_source_utm_to_issued_cards.php	ok	2026-04-12T09:57:05.209Z	3b82b9a0-d7ed-45df-9847-635a1e01a96b	1	0
api/database/migrations/2026_04_13_120000_create_customer_favorites_table.php	ok	2026-04-13T11:27:26.903Z	3b82b9a0-d7ed-45df-9847-635a1e01a96b	1	0
api/database/migrations/2026_04_15_120000_create_sent_notifications_table.php	ok	2026-04-15T08:19:24.493Z	e26f3f9c-f971-47eb-b562-513cac0a04ef	1	0
api/database/migrations/2026_04_15_120100_create_sent_notification_recipients_table.php	ok	2026-04-15T08:19:41.697Z	e26f3f9c-f971-47eb-b562-513cac0a04ef	1	0
api/database/migrations/2026_04_15_120200_add_customer_profile_to_push_tokens.php	ok	2026-04-15T08:24:16.401Z	e26f3f9c-f971-47eb-b562-513cac0a04ef	1	0
api/database/migrations/2026_04_15_160000_add_english_fields_to_locations.php	ok	2026-04-15T18:41:58.817Z	80b96fd0-7b38-4395-931e-d4fab8d49c96	1	0
api/database/migrations/2026_04_16_000100_add_trigram_search_to_tenants.php	ok	2026-04-15T21:24:51.654Z	ccd8c76c-ba0b-4bba-b552-d84037291910	1	0
api/database/migrations/2026_04_16_200000_add_archived_by_customer_at_to_issued_cards.php	ok	2026-04-16T07:18:03.958Z	80b96fd0-7b38-4395-931e-d4fab8d49c96	1	0
api/database/migrations/2026_04_16_210000_create_otp_sms_logs_table.php	ok	2026-04-16T12:12:39.967Z	933463e3-5720-44e1-abe4-1849f13e654a	1	0
api/database/migrations/2026_04_16_220000_add_device_and_country_to_otp_sms_logs.php	ok	2026-04-16T13:03:45.738Z	933463e3-5720-44e1-abe4-1849f13e654a	1	0
api/inspect_routes.php	ok	2026-04-08T19:58:01.628Z	760e980a-60c6-4ce2-b981-c8381dd53d7c	1	0
api/public/index.php	edit-only-no-baseline	2026-04-08T20:25:49.992Z	760e980a-60c6-4ce2-b981-c8381dd53d7c	3	0
api/routes/api.php	edit-only-no-baseline	2026-04-18T15:38:03.773Z	be3aa36e-d031-4f68-8884-2980ab463026	30	0
api/routes/web.php	ok	2026-04-08T20:04:50.403Z	760e980a-60c6-4ce2-b981-c8381dd53d7c	7	0
api/server.php	ok	2026-04-08T20:08:53.502Z	760e980a-60c6-4ce2-b981-c8381dd53d7c	3	0
docs/push-notifications-setup.md	ok	2026-04-15T08:38:59.393Z	e26f3f9c-f971-47eb-b562-513cac0a04ef	1	0
mobile/GoogleService-Info.plist	ok	2026-04-15T08:31:38.272Z	e26f3f9c-f971-47eb-b562-513cac0a04ef	1	0
mobile/README.md	ok	2026-04-08T20:12:02.693Z	760e980a-60c6-4ce2-b981-c8381dd53d7c	1	0
mobile/app.json	ok-with-7-failed-edits	2026-04-16T21:53:52.383Z	ccd8c76c-ba0b-4bba-b552-d84037291910	18	7
mobile/app/(auth)/_layout.tsx	ok-with-1-failed-edits	2026-04-13T12:00:28.401Z	408e744e-78ee-4abd-8410-75f31bd6b514	3	1
mobile/app/(auth)/enable-notifications.tsx	ok	2026-04-15T08:53:48.583Z	e26f3f9c-f971-47eb-b562-513cac0a04ef	1	0
mobile/app/(auth)/login.tsx	ok-with-1-failed-edits	2026-04-16T14:01:23.953Z	933463e3-5720-44e1-abe4-1849f13e654a	28	1
mobile/app/(auth)/verify.tsx	ok-with-5-failed-edits	2026-04-16T14:16:24.217Z	933463e3-5720-44e1-abe4-1849f13e654a	35	5
mobile/app/(tabs)/_layout.tsx	ok-with-2-failed-edits	2026-04-13T22:36:01.378Z	3b82b9a0-d7ed-45df-9847-635a1e01a96b	15	2
mobile/app/(tabs)/cards.tsx	ok-with-37-failed-edits	2026-04-16T07:46:28.938Z	80b96fd0-7b38-4395-931e-d4fab8d49c96	106	37
mobile/app/(tabs)/loyalty-stores.tsx	ok-with-17-failed-edits	2026-04-16T07:01:24.940Z	80b96fd0-7b38-4395-931e-d4fab8d49c96	130	17
mobile/app/(tabs)/offers.tsx	ok-with-1-failed-edits	2026-04-14T07:57:37.035Z	3b82b9a0-d7ed-45df-9847-635a1e01a96b	5	1
mobile/app/(tabs)/settings.tsx	ok-with-22-failed-edits	2026-04-15T08:37:36.354Z	e26f3f9c-f971-47eb-b562-513cac0a04ef	61	22
mobile/app/(tabs)/stores.tsx	ok	2026-04-09T09:38:22.903Z	2999c8de-63f6-41c8-9d52-d8e93fb0b85c	10	0
mobile/app/+html.tsx	ok	2026-04-09T12:00:55.897Z	2999c8de-63f6-41c8-9d52-d8e93fb0b85c	1	0
mobile/app/_layout.tsx	ok-with-12-failed-edits	2026-04-16T21:23:31.116Z	ccd8c76c-ba0b-4bba-b552-d84037291910	28	12
mobile/app/archived-cards.tsx	ok	2026-04-16T07:23:57.275Z	80b96fd0-7b38-4395-931e-d4fab8d49c96	1	0
mobile/app/card/[serial].tsx	ok-with-6-failed-edits	2026-04-15T07:38:08.057Z	80b96fd0-7b38-4395-931e-d4fab8d49c96	21	6
mobile/app/cart.tsx	ok	2026-04-09T21:50:36.224Z	dbc4d471-ff63-4700-9562-86322f794b6a	1	0
mobile/app/checkout.tsx	ok	2026-04-09T22:10:12.639Z	dbc4d471-ff63-4700-9562-86322f794b6a	1	0
mobile/app/enable-notifications.tsx	edit-only-no-baseline	2026-04-15T09:03:22.512Z	e26f3f9c-f971-47eb-b562-513cac0a04ef	5	0
mobile/app/favorites.tsx	ok-with-1-failed-edits	2026-04-16T14:45:58.205Z	933463e3-5720-44e1-abe4-1849f13e654a	14	1
mobile/app/for-business.tsx	ok	2026-04-10T20:18:49.192Z	dbc4d471-ff63-4700-9562-86322f794b6a	2	0
mobile/app/index.tsx	ok	2026-04-08T21:05:00.341Z	760e980a-60c6-4ce2-b981-c8381dd53d7c	2	0
mobile/app/loyalty-stores.tsx	ok	2026-04-10T20:33:29.146Z	2999c8de-63f6-41c8-9d52-d8e93fb0b85c	1	0
mobile/app/merchant-card-editor.tsx	ok	2026-04-10T21:35:15.294Z	dbc4d471-ff63-4700-9562-86322f794b6a	1	0
mobile/app/merchant-cards.tsx	ok	2026-04-10T21:35:14.266Z	dbc4d471-ff63-4700-9562-86322f794b6a	1	0
mobile/app/merchant-customer-detail.tsx	ok	2026-04-10T22:08:18.295Z	dbc4d471-ff63-4700-9562-86322f794b6a	1	0
mobile/app/merchant-customers.tsx	ok	2026-04-10T22:08:17.434Z	dbc4d471-ff63-4700-9562-86322f794b6a	1	0
mobile/app/merchant-dashboard.tsx	ok-with-3-failed-edits	2026-04-14T21:49:00.233Z	3b82b9a0-d7ed-45df-9847-635a1e01a96b	7	3
mobile/app/merchant-locations.tsx	ok	2026-04-10T22:06:21.569Z	dbc4d471-ff63-4700-9562-86322f794b6a	1	0
mobile/app/merchant-login.tsx	ok	2026-04-10T20:29:02.806Z	dbc4d471-ff63-4700-9562-86322f794b6a	1	0
mobile/app/merchant-scanner.tsx	ok	2026-04-10T22:07:17.772Z	dbc4d471-ff63-4700-9562-86322f794b6a	1	0
mobile/app/merchant-web.tsx	ok	2026-04-11T14:37:56.718Z	3b82b9a0-d7ed-45df-9847-635a1e01a96b	1	0
mobile/app/orders.tsx	edit-only-no-baseline	2026-04-10T14:55:39.922Z	dbc4d471-ff63-4700-9562-86322f794b6a	7	0
mobile/app/product/[productId].tsx	ok	2026-04-09T21:22:18.884Z	dbc4d471-ff63-4700-9562-86322f794b6a	2	0
mobile/app/shop/[id].tsx	edit-only-no-baseline	2026-04-14T07:57:28.424Z	3b82b9a0-d7ed-45df-9847-635a1e01a96b	1	0
mobile/app/splash-preview.tsx	ok	2026-04-16T08:26:52.374Z	80b96fd0-7b38-4395-931e-d4fab8d49c96	2	0
mobile/app/store-detail/[id].tsx	ok-with-3-failed-edits	2026-04-15T07:27:10.735Z	80b96fd0-7b38-4395-931e-d4fab8d49c96	25	3
mobile/app/stores/[id].tsx	ok	2026-04-13T19:57:22.237Z	95885aa8-75d8-4610-93a5-96d2ca543bcc	2	0
mobile/babel.config.js	ok	2026-04-08T19:26:05.527Z	760e980a-60c6-4ce2-b981-c8381dd53d7c	1	0
mobile/business/components/MerchantSideDrawer.tsx	ok-with-21-failed-edits	2026-04-14T21:05:52.074Z	3b82b9a0-d7ed-45df-9847-635a1e01a96b	34	21
mobile/business/lib/card-types.ts	ok	2026-04-10T21:34:38.074Z	dbc4d471-ff63-4700-9562-86322f794b6a	1	0
mobile/business/lib/merchant-auth.tsx	ok-with-3-failed-edits	2026-04-14T21:48:33.996Z	3b82b9a0-d7ed-45df-9847-635a1e01a96b	15	3
mobile/business/screens/ForBusinessScreen.tsx	ok	2026-04-11T15:51:25.810Z	dbc4d471-ff63-4700-9562-86322f794b6a	22	0
mobile/business/screens/MerchantCardEditorScreen.tsx	ok-with-2-failed-edits	2026-04-11T14:23:51.939Z	dbc4d471-ff63-4700-9562-86322f794b6a	43	2
mobile/business/screens/MerchantCardsScreen.tsx	ok	2026-04-13T13:09:47.916Z	3b82b9a0-d7ed-45df-9847-635a1e01a96b	36	0
mobile/business/screens/MerchantCustomerDetailScreen.tsx	ok	2026-04-14T10:01:41.197Z	3b82b9a0-d7ed-45df-9847-635a1e01a96b	11	0
mobile/business/screens/MerchantCustomersScreen.tsx	ok	2026-04-11T14:54:25.141Z	dbc4d471-ff63-4700-9562-86322f794b6a	16	0
mobile/business/screens/MerchantDashboardScreen.tsx	ok	2026-04-13T12:47:02.066Z	3b82b9a0-d7ed-45df-9847-635a1e01a96b	58	0
mobile/business/screens/MerchantLocationsScreen.tsx	ok-with-2-failed-edits	2026-04-11T14:57:10.489Z	dbc4d471-ff63-4700-9562-86322f794b6a	26	2
mobile/business/screens/MerchantLoginScreen.tsx	ok	2026-04-10T20:28:28.333Z	dbc4d471-ff63-4700-9562-86322f794b6a	1	0
mobile/business/screens/MerchantLoginSheet.tsx	ok-with-1-failed-edits	2026-04-15T20:36:03.667Z	80b96fd0-7b38-4395-931e-d4fab8d49c96	14	1
mobile/business/screens/MerchantScannerScreen.tsx	ok	2026-04-14T08:08:34.561Z	3b82b9a0-d7ed-45df-9847-635a1e01a96b	17	0
mobile/business/screens/MerchantSignupSheet.tsx	ok-with-1-failed-edits	2026-04-15T20:36:52.972Z	80b96fd0-7b38-4395-931e-d4fab8d49c96	17	1
mobile/business/screens/MerchantWebScreen.tsx	ok-with-3-failed-edits	2026-04-14T21:49:34.913Z	3b82b9a0-d7ed-45df-9847-635a1e01a96b	19	3
mobile/components/ActivityTimeline.tsx	ok	2026-04-09T11:07:05.672Z	2999c8de-63f6-41c8-9d52-d8e93fb0b85c	10	0
mobile/components/AnimatedLogo.tsx	ok	2026-04-16T08:24:40.399Z	80b96fd0-7b38-4395-931e-d4fab8d49c96	6	0
mobile/components/Avatar.tsx	ok	2026-04-16T07:00:57.989Z	80b96fd0-7b38-4395-931e-d4fab8d49c96	3	0
mobile/components/BottomSheet.tsx	ok-with-1-failed-edits	2026-04-14T20:51:34.006Z	3b82b9a0-d7ed-45df-9847-635a1e01a96b	9	1
mobile/components/BrandHeader.tsx	ok	2026-04-08T19:30:00.119Z	760e980a-60c6-4ce2-b981-c8381dd53d7c	1	0
mobile/components/CardDetailsSheet.tsx	ok	2026-04-09T10:45:56.514Z	2999c8de-63f6-41c8-9d52-d8e93fb0b85c	24	0
mobile/components/CardListItem.tsx	ok	2026-04-09T10:31:00.546Z	2999c8de-63f6-41c8-9d52-d8e93fb0b85c	6	0
mobile/components/CardVisual.tsx	ok	2026-04-09T10:29:57.371Z	2999c8de-63f6-41c8-9d52-d8e93fb0b85c	41	0
mobile/components/ConfirmSheet.tsx	ok-with-2-failed-edits	2026-04-14T07:54:56.922Z	95885aa8-75d8-4610-93a5-96d2ca543bcc	8	2
mobile/components/DeleteButton.tsx	ok	2026-04-11T14:27:05.836Z	3b82b9a0-d7ed-45df-9847-635a1e01a96b	4	0
mobile/components/EmptyState.tsx	ok	2026-04-14T10:48:43.085Z	95885aa8-75d8-4610-93a5-96d2ca543bcc	3	0
mobile/components/ErrorBoundary.tsx	ok	2026-04-14T08:09:27.759Z	3b82b9a0-d7ed-45df-9847-635a1e01a96b	1	0
mobile/components/FullCard.tsx	ok	2026-04-08T20:51:22.251Z	760e980a-60c6-4ce2-b981-c8381dd53d7c	1	0
mobile/components/LanguageToggle.tsx	ok	2026-04-09T09:01:30.772Z	760e980a-60c6-4ce2-b981-c8381dd53d7c	1	0
mobile/components/LoadingState.tsx	ok	2026-04-10T22:16:53.146Z	2999c8de-63f6-41c8-9d52-d8e93fb0b85c	1	0
mobile/components/NativeWebView.tsx	ok	2026-04-14T21:48:49.020Z	3b82b9a0-d7ed-45df-9847-635a1e01a96b	3	0
mobile/components/PageHeader.tsx	ok	2026-04-10T20:17:22.237Z	2999c8de-63f6-41c8-9d52-d8e93fb0b85c	2	0
mobile/components/PhoneInput.tsx	ok	2026-04-09T08:59:49.025Z	760e980a-60c6-4ce2-b981-c8381dd53d7c	6	0
mobile/components/PrimaryButton.tsx	ok	2026-04-11T15:50:57.040Z	dbc4d471-ff63-4700-9562-86322f794b6a	6	0
mobile/components/ProfileEditSheet.tsx	ok	2026-04-14T20:50:58.160Z	3b82b9a0-d7ed-45df-9847-635a1e01a96b	40	0
mobile/components/ScreenContainer.tsx	ok	2026-04-08T20:57:45.565Z	760e980a-60c6-4ce2-b981-c8381dd53d7c	1	0
mobile/components/SettingsRow.tsx	ok-with-1-failed-edits	2026-04-15T07:12:14.477Z	80b96fd0-7b38-4395-931e-d4fab8d49c96	9	1
mobile/components/SoldOutBadge.tsx	ok-with-1-failed-edits	2026-04-09T22:07:59.243Z	2999c8de-63f6-41c8-9d52-d8e93fb0b85c	4	1
mobile/components/StampGrid.tsx	ok	2026-04-08T19:29:52.758Z	760e980a-60c6-4ce2-b981-c8381dd53d7c	1	0
mobile/components/StatusBadge.tsx	ok	2026-04-10T22:17:36.411Z	2999c8de-63f6-41c8-9d52-d8e93fb0b85c	1	0
mobile/components/auth/AuthScreen.tsx	ok	2026-04-14T07:28:44.684Z	95885aa8-75d8-4610-93a5-96d2ca543bcc	8	0
mobile/components/auth/CountryPickerModal.tsx	ok	2026-04-16T13:58:05.555Z	933463e3-5720-44e1-abe4-1849f13e654a	7	0
mobile/components/auth/LanguageToggle.tsx	edit-only-no-baseline	2026-04-14T07:35:30.545Z	95885aa8-75d8-4610-93a5-96d2ca543bcc	4	0
mobile/components/auth/PhoneInput.tsx	ok	2026-04-16T14:14:42.399Z	933463e3-5720-44e1-abe4-1849f13e654a	10	0
mobile/components/cards/ActivityTimeline.tsx	edit-only-no-baseline	2026-04-15T08:29:53.043Z	80b96fd0-7b38-4395-931e-d4fab8d49c96	5	0
mobile/components/cards/CardDetailsSheet.tsx	edit-only-no-baseline	2026-04-16T07:34:11.402Z	80b96fd0-7b38-4395-931e-d4fab8d49c96	18	0
mobile/components/cards/CardVisual.tsx	edit-only-no-baseline	2026-04-10T22:05:15.665Z	2999c8de-63f6-41c8-9d52-d8e93fb0b85c	8	0
mobile/components/cards/RewardLadder.tsx	ok	2026-04-09T12:02:27.249Z	2999c8de-63f6-41c8-9d52-d8e93fb0b85c	3	0
mobile/components/cards/RewardReadyBanner.tsx	ok	2026-04-09T12:02:10.126Z	2999c8de-63f6-41c8-9d52-d8e93fb0b85c	2	0
mobile/components/cart/CartBottomBar.tsx	ok	2026-04-10T11:16:07.059Z	dbc4d471-ff63-4700-9562-86322f794b6a	4	0
mobile/components/cart/CartHeader.tsx	ok	2026-04-10T08:45:25.424Z	dbc4d471-ff63-4700-9562-86322f794b6a	2	0
mobile/components/cart/CartItemCard.tsx	ok	2026-04-10T08:55:00.556Z	agent-a1d103caf8f095a5e	3	0
mobile/components/cart/CartItemList.tsx	ok	2026-04-09T21:48:22.754Z	dbc4d471-ff63-4700-9562-86322f794b6a	1	0
mobile/components/cart/CartScreen.tsx	ok	2026-04-14T08:09:09.961Z	3b82b9a0-d7ed-45df-9847-635a1e01a96b	5	0
mobile/components/cart/CartSummary.tsx	ok	2026-04-10T08:54:38.562Z	agent-a1d103caf8f095a5e	4	0
mobile/components/cart/ConfirmModal.tsx	ok	2026-04-10T08:51:10.343Z	agent-a1d103caf8f095a5e	4	0
mobile/components/cart/EmptyCart.tsx	ok	2026-04-10T08:54:50.186Z	agent-a1d103caf8f095a5e	4	0
mobile/components/cart/FreeDeliveryBanner.tsx	ok	2026-04-10T08:55:13.791Z	agent-a1d103caf8f095a5e	3	0
mobile/components/checkout/AddAddressModal.tsx	ok	2026-04-11T14:30:25.634Z	dbc4d471-ff63-4700-9562-86322f794b6a	10	0
mobile/components/checkout/AddCarModal.tsx	ok	2026-04-10T12:09:01.826Z	2999c8de-63f6-41c8-9d52-d8e93fb0b85c	2	0
mobile/components/checkout/AddressPickerModal.tsx	ok	2026-04-10T08:49:13.937Z	agent-a1d103caf8f095a5e	6	0
mobile/components/checkout/ArrivalTimeBlock.tsx	ok	2026-04-10T11:42:21.355Z	dbc4d471-ff63-4700-9562-86322f794b6a	1	0
mobile/components/checkout/BranchCard.tsx	ok-with-1-failed-edits	2026-04-10T22:21:42.066Z	2999c8de-63f6-41c8-9d52-d8e93fb0b85c	12	1
mobile/components/checkout/BranchInfoBlock.tsx	ok	2026-04-10T11:37:58.257Z	2999c8de-63f6-41c8-9d52-d8e93fb0b85c	3	0
mobile/components/checkout/BranchSelectionModal.tsx	ok-with-2-failed-edits	2026-04-10T12:21:31.101Z	dbc4d471-ff63-4700-9562-86322f794b6a	22	2
mobile/components/checkout/CarInfoBlock.tsx	ok	2026-04-10T11:40:08.583Z	dbc4d471-ff63-4700-9562-86322f794b6a	3	0
mobile/components/checkout/CarSelectionModal.tsx	ok	2026-04-10T11:59:25.786Z	2999c8de-63f6-41c8-9d52-d8e93fb0b85c	5	0
mobile/components/checkout/CheckoutBottomBar.tsx	ok	2026-04-10T11:16:15.884Z	dbc4d471-ff63-4700-9562-86322f794b6a	4	0
mobile/components/checkout/CheckoutHeader.tsx	ok	2026-04-10T08:45:33.093Z	dbc4d471-ff63-4700-9562-86322f794b6a	2	0
mobile/components/checkout/CheckoutScreen.tsx	ok	2026-04-14T08:04:58.688Z	3b82b9a0-d7ed-45df-9847-635a1e01a96b	39	0
mobile/components/checkout/DeliveryAddressBlock.tsx	ok	2026-04-10T08:53:55.023Z	agent-a1d103caf8f095a5e	3	0
mobile/components/checkout/DeliveryBlock.tsx	ok	2026-04-10T11:19:21.976Z	dbc4d471-ff63-4700-9562-86322f794b6a	1	0
mobile/components/checkout/OrderSuccessModal.tsx	ok	2026-04-10T08:51:52.112Z	agent-a1d103caf8f095a5e	4	0
mobile/components/checkout/OrderSummaryBlock.tsx	ok	2026-04-10T10:47:11.968Z	dbc4d471-ff63-4700-9562-86322f794b6a	6	0
mobile/components/checkout/PaymentMethodBlock.tsx	ok	2026-04-10T08:49:50.736Z	agent-a1d103caf8f095a5e	4	0
mobile/components/checkout/PreparationPreference.tsx	ok	2026-04-10T11:42:34.646Z	dbc4d471-ff63-4700-9562-86322f794b6a	1	0
mobile/components/checkout/ProductsCollapsibleBlock.tsx	ok	2026-04-10T08:54:25.763Z	agent-a1d103caf8f095a5e	3	0
mobile/components/checkout/TimePickerModal.tsx	ok	2026-04-10T10:48:46.945Z	dbc4d471-ff63-4700-9562-86322f794b6a	31	0
mobile/components/checkout/TimeSelectionBlock.tsx	ok	2026-04-10T10:45:52.038Z	dbc4d471-ff63-4700-9562-86322f794b6a	7	0
mobile/components/checkout/branch-data.ts	ok	2026-04-10T11:29:09.556Z	dbc4d471-ff63-4700-9562-86322f794b6a	2	0
mobile/components/checkout/car-data.ts	ok	2026-04-10T12:08:15.615Z	2999c8de-63f6-41c8-9d52-d8e93fb0b85c	1	0
mobile/components/checkout/mock-data.ts	ok	2026-04-10T12:06:50.843Z	dbc4d471-ff63-4700-9562-86322f794b6a	2	0
mobile/components/home/HeroBannerSlider.tsx	ok	2026-04-13T09:24:48.245Z	408e744e-78ee-4abd-8410-75f31bd6b514	32	0
mobile/components/merchant/ForBusinessScreen.tsx	ok	2026-04-10T20:13:46.692Z	dbc4d471-ff63-4700-9562-86322f794b6a	1	0
mobile/components/offers/OfferCard.tsx	ok	2026-04-10T13:27:06.459Z	2999c8de-63f6-41c8-9d52-d8e93fb0b85c	2	0
mobile/components/offers/data.ts	ok	2026-04-10T13:25:04.095Z	2999c8de-63f6-41c8-9d52-d8e93fb0b85c	1	0
mobile/components/offers/types.ts	ok	2026-04-10T13:24:36.036Z	2999c8de-63f6-41c8-9d52-d8e93fb0b85c	1	0
mobile/components/stores/BottomCartBar.tsx	edit-only-no-baseline	2026-04-09T20:03:50.022Z	2999c8de-63f6-41c8-9d52-d8e93fb0b85c	1	0
mobile/components/stores/BranchMapBlock.tsx	ok	2026-04-14T08:50:56.468Z	3b82b9a0-d7ed-45df-9847-635a1e01a96b	22	0
mobile/components/stores/CategoryChips.tsx	ok	2026-04-09T20:18:50.236Z	2999c8de-63f6-41c8-9d52-d8e93fb0b85c	8	0
mobile/components/stores/MiniMapPreview.tsx	ok	2026-04-14T08:50:23.501Z	3b82b9a0-d7ed-45df-9847-635a1e01a96b	7	0
mobile/components/stores/NativeMapView.tsx	ok	2026-04-14T20:45:41.118Z	3b82b9a0-d7ed-45df-9847-635a1e01a96b	17	0
mobile/components/stores/StoreBannerStrip.tsx	ok	2026-04-16T06:58:58.629Z	80b96fd0-7b38-4395-931e-d4fab8d49c96	11	0
mobile/components/stores/StoreCard.tsx	ok-with-11-failed-edits	2026-04-10T10:09:57.472Z	dbc4d471-ff63-4700-9562-86322f794b6a	20	11
mobile/components/stores/StoreLogo.tsx	ok	2026-04-14T20:43:01.059Z	3b82b9a0-d7ed-45df-9847-635a1e01a96b	3	0
mobile/components/stores/StoreRow.tsx	ok	2026-04-09T20:31:04.594Z	2999c8de-63f6-41c8-9d52-d8e93fb0b85c	7	0
mobile/components/stores/StoresScreen.tsx	ok-with-5-failed-edits	2026-04-14T10:44:10.525Z	3b82b9a0-d7ed-45df-9847-635a1e01a96b	18	5
mobile/components/stores/StoresSearchBar.tsx	ok-with-2-failed-edits	2026-04-09T19:42:07.165Z	dbc4d471-ff63-4700-9562-86322f794b6a	6	2
mobile/components/stores/StoresSectionHeader.tsx	ok	2026-04-13T10:56:58.443Z	3b82b9a0-d7ed-45df-9847-635a1e01a96b	5	0
mobile/components/stores/data.ts	ok-with-1-failed-edits	2026-04-13T21:13:43.843Z	95885aa8-75d8-4610-93a5-96d2ca543bcc	37	1
mobile/components/stores/detail/BottomCartBar.tsx	ok	2026-04-10T08:52:06.440Z	agent-a1d103caf8f095a5e	11	0
mobile/components/stores/detail/CategoryTabs.tsx	ok	2026-04-10T09:53:02.250Z	dbc4d471-ff63-4700-9562-86322f794b6a	6	0
mobile/components/stores/detail/CompactHeader.tsx	ok	2026-04-10T09:42:10.527Z	dbc4d471-ff63-4700-9562-86322f794b6a	4	0
mobile/components/stores/detail/MyCardsStrip.tsx	ok	2026-04-10T15:15:04.550Z	dbc4d471-ff63-4700-9562-86322f794b6a	2	0
mobile/components/stores/detail/Price.tsx	ok	2026-04-09T21:56:09.239Z	dbc4d471-ff63-4700-9562-86322f794b6a	2	0
mobile/components/stores/detail/ProductGrid.tsx	ok	2026-04-09T21:14:30.983Z	dbc4d471-ff63-4700-9562-86322f794b6a	5	0
mobile/components/stores/detail/ProductGridCard.tsx	ok	2026-04-10T08:52:41.188Z	agent-a1d103caf8f095a5e	14	0
mobile/components/stores/detail/ProductList.tsx	ok	2026-04-09T21:14:46.884Z	dbc4d471-ff63-4700-9562-86322f794b6a	4	0
mobile/components/stores/detail/ProductListCard.tsx	ok	2026-04-10T08:52:30.078Z	agent-a1d103caf8f095a5e	15	0
mobile/components/stores/detail/PromoCard.tsx	ok	2026-04-10T08:52:52.589Z	agent-a1d103caf8f095a5e	6	0
mobile/components/stores/detail/PromoCardRow.tsx	ok	2026-04-09T20:00:42.202Z	dbc4d471-ff63-4700-9562-86322f794b6a	1	0
mobile/components/stores/detail/QuantityControl.tsx	ok	2026-04-09T22:05:57.953Z	dbc4d471-ff63-4700-9562-86322f794b6a	5	0
mobile/components/stores/detail/StoreDetailScreen.tsx	ok-with-6-failed-edits	2026-04-10T19:57:34.282Z	dbc4d471-ff63-4700-9562-86322f794b6a	50	6
mobile/components/stores/detail/StoreHero.tsx	ok-with-1-failed-edits	2026-04-10T09:42:47.189Z	dbc4d471-ff63-4700-9562-86322f794b6a	14	1
mobile/components/stores/detail/StoreInfoCard.tsx	ok	2026-04-10T08:53:04.436Z	agent-a1d103caf8f095a5e	5	0
mobile/components/stores/detail/StoreStatsRow.tsx	ok	2026-04-09T20:46:15.625Z	dbc4d471-ff63-4700-9562-86322f794b6a	2	0
mobile/components/stores/product/Addons.tsx	ok-with-2-failed-edits	2026-04-10T13:01:19.662Z	dbc4d471-ff63-4700-9562-86322f794b6a	31	2
mobile/components/stores/product/InfoPopup.tsx	ok	2026-04-10T09:56:38.993Z	dbc4d471-ff63-4700-9562-86322f794b6a	4	0
mobile/components/stores/product/NutritionRow.tsx	ok	2026-04-10T09:56:26.788Z	dbc4d471-ff63-4700-9562-86322f794b6a	2	0
mobile/components/stores/product/ProductBottomBar.tsx	ok	2026-04-10T11:15:51.350Z	dbc4d471-ff63-4700-9562-86322f794b6a	6	0
mobile/components/stores/product/ProductCompactHeader.tsx	ok	2026-04-10T09:20:54.521Z	dbc4d471-ff63-4700-9562-86322f794b6a	3	0
mobile/components/stores/product/ProductCrossSelling.tsx	ok	2026-04-10T08:53:17.132Z	agent-a1d103caf8f095a5e	3	0
mobile/components/stores/product/ProductDetailScreen.tsx	ok-with-1-failed-edits	2026-04-13T22:36:28.040Z	3b82b9a0-d7ed-45df-9847-635a1e01a96b	14	1
mobile/components/stores/product/ProductHero.tsx	ok	2026-04-10T09:42:52.678Z	dbc4d471-ff63-4700-9562-86322f794b6a	5	0
mobile/components/stores/product/ProductMeta.tsx	ok	2026-04-10T08:53:43.135Z	agent-a1d103caf8f095a5e	3	0
mobile/components/stores/product/ProductNotes.tsx	ok	2026-04-10T08:53:30.793Z	agent-a1d103caf8f095a5e	3	0
mobile/components/stores/types.ts	ok	2026-04-09T21:21:18.600Z	dbc4d471-ff63-4700-9562-86322f794b6a	6	0
mobile/components/ui/CheckboxPin.tsx	ok	2026-04-10T08:44:29.333Z	dbc4d471-ff63-4700-9562-86322f794b6a	1	0
mobile/components/ui/CircleButton.tsx	ok-with-1-failed-edits	2026-04-10T09:42:31.871Z	dbc4d471-ff63-4700-9562-86322f794b6a	5	1
mobile/components/ui/FavoriteButton.tsx	ok-with-1-failed-edits	2026-04-13T11:30:31.052Z	3b82b9a0-d7ed-45df-9847-635a1e01a96b	3	1
mobile/components/ui/FormInput.tsx	ok	2026-04-14T10:05:17.079Z	3b82b9a0-d7ed-45df-9847-635a1e01a96b	13	0
mobile/components/ui/HeaderBar.tsx	ok-with-1-failed-edits	2026-04-13T11:20:46.991Z	3b82b9a0-d7ed-45df-9847-635a1e01a96b	11	1
mobile/components/ui/IconButton.tsx	ok	2026-04-11T14:23:45.315Z	3b82b9a0-d7ed-45df-9847-635a1e01a96b	1	0
mobile/components/ui/LTRSwitch.tsx	ok	2026-04-11T14:05:41.470Z	3b82b9a0-d7ed-45df-9847-635a1e01a96b	1	0
mobile/components/ui/ModalShell.tsx	ok	2026-04-10T09:22:39.973Z	2999c8de-63f6-41c8-9d52-d8e93fb0b85c	3	0
mobile/components/ui/PillTabs.tsx	ok	2026-04-10T10:29:08.447Z	dbc4d471-ff63-4700-9562-86322f794b6a	1	0
mobile/components/ui/RadioPin.tsx	ok	2026-04-10T08:44:19.691Z	dbc4d471-ff63-4700-9562-86322f794b6a	1	0
mobile/components/ui/SearchModal.tsx	ok-with-2-failed-edits	2026-04-14T10:58:38.144Z	3b82b9a0-d7ed-45df-9847-635a1e01a96b	8	2
mobile/components/ui/SegmentedToggle.tsx	ok	2026-04-13T10:56:34.629Z	3b82b9a0-d7ed-45df-9847-635a1e01a96b	1	0
mobile/components/ui/ShakeView.tsx	ok	2026-04-10T12:02:49.786Z	dbc4d471-ff63-4700-9562-86322f794b6a	1	0
mobile/eas.json	ok	2026-04-16T22:08:07.850Z	ccd8c76c-ba0b-4bba-b552-d84037291910	1	0
mobile/global.css	ok	2026-04-09T11:26:58.071Z	2999c8de-63f6-41c8-9d52-d8e93fb0b85c	5	0
mobile/ios/Podfile	edit-only-no-baseline	2026-04-16T23:14:04.893Z	ccd8c76c-ba0b-4bba-b552-d84037291910	12	0
mobile/ios/Podfile.properties.json	ok	2026-04-16T22:08:18.994Z	ccd8c76c-ba0b-4bba-b552-d84037291910	3	0
mobile/ios/Stamply/Info.plist	edit-only-no-baseline	2026-04-15T21:09:10.267Z	ccd8c76c-ba0b-4bba-b552-d84037291910	4	0
mobile/ios/Stamply/SplashScreen.storyboard	edit-only-no-baseline	2026-04-14T09:08:52.795Z	3b82b9a0-d7ed-45df-9847-635a1e01a96b	4	0
mobile/ios/Stamply/Stamply-Bridging-Header.h	ok	2026-04-14T21:17:59.959Z	3b82b9a0-d7ed-45df-9847-635a1e01a96b	1	0
mobile/ios/Stamply/Stamply.entitlements	edit-only-no-baseline	2026-04-15T13:10:23.473Z	ccd8c76c-ba0b-4bba-b552-d84037291910	2	0
mobile/ios/Stamply/WalletPassKitModule.swift	edit-only-no-baseline	2026-04-14T21:17:32.408Z	3b82b9a0-d7ed-45df-9847-635a1e01a96b	3	0
mobile/ios/StamplyNotificationService/Info.plist	ok	2026-04-15T14:02:40.157Z	ccd8c76c-ba0b-4bba-b552-d84037291910	1	0
mobile/ios/StamplyNotificationService/NotificationService.swift	ok	2026-04-15T14:05:08.770Z	ccd8c76c-ba0b-4bba-b552-d84037291910	2	0
mobile/lib/api.ts	ok	2026-04-16T07:21:03.773Z	80b96fd0-7b38-4395-931e-d4fab8d49c96	24	0
mobile/lib/auth.ts	ok	2026-04-13T13:21:19.124Z	3b82b9a0-d7ed-45df-9847-635a1e01a96b	7	0
mobile/lib/cart-context.tsx	ok	2026-04-09T21:45:14.677Z	dbc4d471-ff63-4700-9562-86322f794b6a	1	0
mobile/lib/checkout-context.tsx	ok	2026-04-10T11:43:33.894Z	dbc4d471-ff63-4700-9562-86322f794b6a	17	0
mobile/lib/colors.ts	ok	2026-04-13T12:48:38.224Z	3b82b9a0-d7ed-45df-9847-635a1e01a96b	6	0
mobile/lib/countries.ts	ok	2026-04-16T14:07:13.548Z	933463e3-5720-44e1-abe4-1849f13e654a	4	0
mobile/lib/detectWallet.ts	ok	2026-04-08T21:33:48.471Z	760e980a-60c6-4ce2-b981-c8381dd53d7c	2	0
mobile/lib/digits.ts	ok	2026-04-08T20:29:55.954Z	760e980a-60c6-4ce2-b981-c8381dd53d7c	1	0
mobile/lib/dynamicAppIcon.ts	ok	2026-04-16T23:09:56.770Z	ccd8c76c-ba0b-4bba-b552-d84037291910	6	0
mobile/lib/i18n.ts	ok	2026-04-08T19:47:44.346Z	760e980a-60c6-4ce2-b981-c8381dd53d7c	2	0
mobile/lib/localeSwitch.ts	edit-only-no-baseline	2026-04-14T10:23:11.792Z	3b82b9a0-d7ed-45df-9847-635a1e01a96b	1	0
mobile/lib/push.ts	ok	2026-04-18T15:39:52.588Z	be3aa36e-d031-4f68-8884-2980ab463026	9	0
mobile/lib/queryClient.ts	ok	2026-04-13T06:51:13.483Z	3b82b9a0-d7ed-45df-9847-635a1e01a96b	2	0
mobile/lib/queryKeys.ts	ok	2026-04-16T07:21:24.193Z	80b96fd0-7b38-4395-931e-d4fab8d49c96	3	0
mobile/lib/rtl.ts	ok-with-1-failed-edits	2026-04-15T06:59:15.272Z	80b96fd0-7b38-4395-931e-d4fab8d49c96	5	1
mobile/lib/sanitizePassword.ts	ok	2026-04-15T20:35:17.706Z	80b96fd0-7b38-4395-931e-d4fab8d49c96	1	0
mobile/lib/shadows.ts	ok	2026-04-09T10:29:32.145Z	2999c8de-63f6-41c8-9d52-d8e93fb0b85c	1	0
mobile/lib/stampGrid.ts	ok	2026-04-08T20:41:23.177Z	760e980a-60c6-4ce2-b981-c8381dd53d7c	1	0
mobile/lib/storage.ts	ok	2026-04-08T19:47:28.826Z	760e980a-60c6-4ce2-b981-c8381dd53d7c	1	0
mobile/lib/surfaces.ts	ok	2026-04-09T10:44:35.601Z	2999c8de-63f6-41c8-9d52-d8e93fb0b85c	1	0
mobile/lib/useAppIconSync.ts	ok	2026-04-16T23:09:48.076Z	ccd8c76c-ba0b-4bba-b552-d84037291910	5	0
mobile/lib/useDrillChevron.ts	ok	2026-04-13T12:43:33.704Z	3b82b9a0-d7ed-45df-9847-635a1e01a96b	1	0
mobile/lib/useLocaleDirStyle.ts	ok	2026-04-10T08:43:52.626Z	dbc4d471-ff63-4700-9562-86322f794b6a	1	0
mobile/lib/useUserLocation.ts	ok	2026-04-13T22:41:19.869Z	3b82b9a0-d7ed-45df-9847-635a1e01a96b	7	0
mobile/locales/ar.json	ok-with-15-failed-edits	2026-04-16T14:45:41.996Z	933463e3-5720-44e1-abe4-1849f13e654a	109	15
mobile/locales/en.json	ok-with-6-failed-edits	2026-04-16T14:45:47.763Z	933463e3-5720-44e1-abe4-1849f13e654a	97	6
mobile/metro.config.js	ok	2026-04-08T19:26:08.628Z	760e980a-60c6-4ce2-b981-c8381dd53d7c	1	0
mobile/nativewind-env.d.ts	ok	2026-04-08T19:26:11.764Z	760e980a-60c6-4ce2-b981-c8381dd53d7c	1	0
mobile/package.json	ok	2026-04-09T12:11:41.462Z	2999c8de-63f6-41c8-9d52-d8e93fb0b85c	2	0
mobile/scripts/postbuild-web.js	ok	2026-04-09T12:11:28.468Z	2999c8de-63f6-41c8-9d52-d8e93fb0b85c	1	0
mobile/tailwind.config.js	ok	2026-04-10T21:22:37.580Z	dbc4d471-ff63-4700-9562-86322f794b6a	8	0
mobile/tsconfig.json	ok	2026-04-08T19:26:19.087Z	760e980a-60c6-4ce2-b981-c8381dd53d7c	1	0
web/index.html	edit-only-no-baseline	2026-04-13T07:36:23.111Z	95885aa8-75d8-4610-93a5-96d2ca543bcc	1	0
web/public/service-worker.js	edit-only-no-baseline	2026-04-15T13:51:32.575Z	ccd8c76c-ba0b-4bba-b552-d84037291910	1	0
web/src/App.tsx	edit-only-no-baseline	2026-04-18T15:38:46.863Z	be3aa36e-d031-4f68-8884-2980ab463026	30	0
web/src/components/banners/TrialExpiredBanner.tsx	ok-with-2-failed-edits	2026-04-12T07:40:33.789Z	408e744e-78ee-4abd-8410-75f31bd6b514	9	2
web/src/components/layout/AppShell.tsx	ok	2026-04-13T08:28:52.787Z	95885aa8-75d8-4610-93a5-96d2ca543bcc	4	0
web/src/components/layout/Sidebar.tsx	ok	2026-04-13T08:28:39.838Z	95885aa8-75d8-4610-93a5-96d2ca543bcc	2	0
web/src/components/locations/LocationMapPicker.tsx	ok	2026-04-15T18:58:20.399Z	80b96fd0-7b38-4395-931e-d4fab8d49c96	4	0
web/src/components/locations/LocationPicker.tsx	edit-only-no-baseline	2026-04-15T19:50:30.900Z	80b96fd0-7b38-4395-931e-d4fab8d49c96	1	0
web/src/components/messaging/ReachStatCards.tsx	edit-only-no-baseline	2026-04-11T14:57:52.777Z	95885aa8-75d8-4610-93a5-96d2ca543bcc	1	0
web/src/components/ui/delete-button.tsx	edit-only-no-baseline	2026-04-13T08:51:17.046Z	95885aa8-75d8-4610-93a5-96d2ca543bcc	3	0
web/src/components/ui/edit-button.tsx	edit-only-no-baseline	2026-04-13T08:50:50.715Z	95885aa8-75d8-4610-93a5-96d2ca543bcc	1	0
web/src/components/ui/emoji-picker.tsx	ok	2026-04-15T13:50:38.870Z	80b96fd0-7b38-4395-931e-d4fab8d49c96	1	0
web/src/components/ui/password-input.tsx	edit-only-no-baseline	2026-04-15T20:33:20.040Z	80b96fd0-7b38-4395-931e-d4fab8d49c96	2	0
web/src/index.css	edit-only-no-baseline	2026-04-15T13:14:57.875Z	80b96fd0-7b38-4395-931e-d4fab8d49c96	4	0
web/src/lib/api/cards.ts	edit-only-no-baseline	2026-04-13T12:49:59.722Z	95885aa8-75d8-4610-93a5-96d2ca543bcc	1	0
web/src/lib/api/client.ts	edit-only-no-baseline	2026-04-12T08:20:45.523Z	408e744e-78ee-4abd-8410-75f31bd6b514	5	0
web/src/lib/api/integrations.ts	edit-only-no-baseline	2026-04-16T11:35:52.576Z	933463e3-5720-44e1-abe4-1849f13e654a	2	0
web/src/lib/api/locations.ts	edit-only-no-baseline	2026-04-15T18:43:04.980Z	80b96fd0-7b38-4395-931e-d4fab8d49c96	3	0
web/src/lib/api/misc.ts	edit-only-no-baseline	2026-04-09T12:41:19.210Z	760e980a-60c6-4ce2-b981-c8381dd53d7c	1	0
web/src/lib/api/op/banners.ts	ok	2026-04-12T08:58:51.493Z	408e744e-78ee-4abd-8410-75f31bd6b514	1	0
web/src/lib/api/op/index.ts	edit-only-no-baseline	2026-04-13T13:08:13.846Z	95885aa8-75d8-4610-93a5-96d2ca543bcc	9	0
web/src/lib/api/op/notifications.ts	ok	2026-04-15T10:27:22.881Z	80b96fd0-7b38-4395-931e-d4fab8d49c96	3	0
web/src/lib/api/op/reports.ts	ok	2026-04-16T14:23:20.568Z	933463e3-5720-44e1-abe4-1849f13e654a	3	0
web/src/lib/api/op/settings.ts	edit-only-no-baseline	2026-04-18T15:34:54.080Z	933463e3-5720-44e1-abe4-1849f13e654a	9	0
web/src/lib/auth/auth.tsx	edit-only-no-baseline	2026-04-12T07:15:36.664Z	408e744e-78ee-4abd-8410-75f31bd6b514	2	0
web/src/lib/hooks/usePaginatedQuery.ts	edit-only-no-baseline	2026-04-13T13:07:36.508Z	95885aa8-75d8-4610-93a5-96d2ca543bcc	1	0
web/src/lib/sanitize-password.ts	ok	2026-04-15T20:32:53.280Z	80b96fd0-7b38-4395-931e-d4fab8d49c96	1	0
web/src/lib/subscription/useSubscriptionGuard.ts	ok	2026-04-12T08:19:55.414Z	408e744e-78ee-4abd-8410-75f31bd6b514	4	0
web/src/lib/utils/date.ts	edit-only-no-baseline	2026-04-16T14:19:54.512Z	933463e3-5720-44e1-abe4-1849f13e654a	2	0
web/src/pages/auth/Login.tsx	edit-only-no-baseline	2026-04-18T15:38:34.187Z	be3aa36e-d031-4f68-8884-2980ab463026	2	0
web/src/pages/auth/Signup.tsx	edit-only-no-baseline	2026-04-11T15:46:41.094Z	3b82b9a0-d7ed-45df-9847-635a1e01a96b	3	0
web/src/pages/automations/AutomationEdit.tsx	edit-only-no-baseline	2026-04-12T08:24:47.404Z	408e744e-78ee-4abd-8410-75f31bd6b514	7	0
web/src/pages/automations/Automations.tsx	edit-only-no-baseline	2026-04-12T08:23:16.385Z	408e744e-78ee-4abd-8410-75f31bd6b514	7	0
web/src/pages/cards/Editor.tsx	edit-only-no-baseline	2026-04-12T08:05:49.622Z	408e744e-78ee-4abd-8410-75f31bd6b514	4	0
web/src/pages/cards/editor/DesignTab.tsx	edit-only-no-baseline	2026-04-11T15:04:37.394Z	95885aa8-75d8-4610-93a5-96d2ca543bcc	1	0
web/src/pages/cards/index.tsx	edit-only-no-baseline	2026-04-15T18:30:55.013Z	80b96fd0-7b38-4395-931e-d4fab8d49c96	13	0
web/src/pages/customers/CustomerDetail.tsx	edit-only-no-baseline	2026-04-13T08:51:57.902Z	95885aa8-75d8-4610-93a5-96d2ca543bcc	3	0
web/src/pages/customers/Customers.tsx	edit-only-no-baseline	2026-04-09T12:40:41.330Z	760e980a-60c6-4ce2-b981-c8381dd53d7c	2	0
web/src/pages/customers/EditableProfile.tsx	ok	2026-04-09T12:41:03.950Z	760e980a-60c6-4ce2-b981-c8381dd53d7c	2	0
web/src/pages/dashboard/Dashboard.tsx	edit-only-no-baseline	2026-04-12T07:35:16.631Z	408e744e-78ee-4abd-8410-75f31bd6b514	8	0
web/src/pages/help/HelpArticle.tsx	ok	2026-04-16T07:23:12.702Z	ccd8c76c-ba0b-4bba-b552-d84037291910	1	0
web/src/pages/help/HelpIndex.tsx	ok	2026-04-16T07:22:42.943Z	ccd8c76c-ba0b-4bba-b552-d84037291910	1	0
web/src/pages/help/HelpLayout.tsx	ok	2026-04-17T20:33:16.964Z	c9ff2fe0-7d20-49e0-8c26-96aebf54bc94	2	0
web/src/pages/help/articles/_components.tsx	ok	2026-04-17T15:41:41.777Z	c9ff2fe0-7d20-49e0-8c26-96aebf54bc94	1	0
web/src/pages/help/articles/add-new-card.tsx	ok-with-2-failed-edits	2026-04-17T20:47:49.066Z	c9ff2fe0-7d20-49e0-8c26-96aebf54bc94	7	2
web/src/pages/help/articles/automations.tsx	ok	2026-04-17T15:43:41.654Z	c9ff2fe0-7d20-49e0-8c26-96aebf54bc94	1	0
web/src/pages/help/articles/branding-integrations.tsx	ok	2026-04-17T15:46:50.531Z	c9ff2fe0-7d20-49e0-8c26-96aebf54bc94	1	0
web/src/pages/help/articles/cashier-scan.tsx	ok	2026-04-17T15:42:27.133Z	c9ff2fe0-7d20-49e0-8c26-96aebf54bc94	1	0
web/src/pages/help/articles/getting-started.tsx	ok	2026-04-17T15:48:10.544Z	c9ff2fe0-7d20-49e0-8c26-96aebf54bc94	1	0
web/src/pages/help/articles/locations.tsx	ok	2026-04-17T15:44:56.300Z	c9ff2fe0-7d20-49e0-8c26-96aebf54bc94	1	0
web/src/pages/help/articles/manage-customers.tsx	ok	2026-04-17T15:43:05.106Z	c9ff2fe0-7d20-49e0-8c26-96aebf54bc94	1	0
web/src/pages/help/articles/messages.tsx	ok	2026-04-17T15:44:22.297Z	c9ff2fe0-7d20-49e0-8c26-96aebf54bc94	1	0
web/src/pages/help/articles/promote-cards.tsx	ok-with-1-failed-edits	2026-04-17T16:18:49.756Z	c9ff2fe0-7d20-49e0-8c26-96aebf54bc94	4	1
web/src/pages/help/articles/reports.tsx	ok	2026-04-17T15:46:08.978Z	c9ff2fe0-7d20-49e0-8c26-96aebf54bc94	1	0
web/src/pages/help/articles/staff-permissions.tsx	ok	2026-04-17T15:45:31.806Z	c9ff2fe0-7d20-49e0-8c26-96aebf54bc94	1	0
web/src/pages/help/articles/subscription-billing.tsx	ok	2026-04-17T15:47:30.544Z	c9ff2fe0-7d20-49e0-8c26-96aebf54bc94	1	0
web/src/pages/help/articles/troubleshooting.tsx	ok	2026-04-17T16:14:31.360Z	c9ff2fe0-7d20-49e0-8c26-96aebf54bc94	2	0
web/src/pages/help/articles/wallet-announcements.tsx	ok	2026-04-17T16:11:54.097Z	c9ff2fe0-7d20-49e0-8c26-96aebf54bc94	1	0
web/src/pages/help/data.ts	ok	2026-04-17T16:14:10.807Z	c9ff2fe0-7d20-49e0-8c26-96aebf54bc94	7	0
web/src/pages/help/index.tsx	ok	2026-04-16T07:23:27.454Z	ccd8c76c-ba0b-4bba-b552-d84037291910	1	0
web/src/pages/locations/LocationForm.tsx	ok	2026-04-15T19:08:08.865Z	80b96fd0-7b38-4395-931e-d4fab8d49c96	15	0
web/src/pages/locations/Locations.tsx	edit-only-no-baseline	2026-04-15T18:33:42.269Z	80b96fd0-7b38-4395-931e-d4fab8d49c96	12	0
web/src/pages/messages/MessageCompose.tsx	edit-only-no-baseline	2026-04-13T07:36:32.869Z	95885aa8-75d8-4610-93a5-96d2ca543bcc	5	0
web/src/pages/messages/MessageDetail.tsx	edit-only-no-baseline	2026-04-12T08:15:48.477Z	408e744e-78ee-4abd-8410-75f31bd6b514	3	0
web/src/pages/messages/Messages.tsx	edit-only-no-baseline	2026-04-12T08:14:50.691Z	408e744e-78ee-4abd-8410-75f31bd6b514	3	0
web/src/pages/op/OpAppSettings.tsx	ok	2026-04-18T15:36:26.101Z	933463e3-5720-44e1-abe4-1849f13e654a	7	0
web/src/pages/op/OpBannerManagement.tsx	ok	2026-04-12T08:59:50.863Z	408e744e-78ee-4abd-8410-75f31bd6b514	1	0
web/src/pages/op/OpCustomerDetail.tsx	ok	2026-04-13T13:12:56.876Z	95885aa8-75d8-4610-93a5-96d2ca543bcc	25	0
web/src/pages/op/OpCustomers.tsx	ok	2026-04-13T13:13:49.190Z	95885aa8-75d8-4610-93a5-96d2ca543bcc	3	0
web/src/pages/op/OpDashboard.tsx	edit-only-no-baseline	2026-04-11T15:03:35.868Z	95885aa8-75d8-4610-93a5-96d2ca543bcc	1	0
web/src/pages/op/OpDocumentation.tsx	ok	2026-04-15T22:06:45.179Z	80b96fd0-7b38-4395-931e-d4fab8d49c96	1	0
web/src/pages/op/OpLogin.tsx	edit-only-no-baseline	2026-04-18T15:50:47.940Z	be3aa36e-d031-4f68-8884-2980ab463026	4	0
web/src/pages/op/OpNotificationDetail.tsx	ok	2026-04-15T11:34:13.315Z	80b96fd0-7b38-4395-931e-d4fab8d49c96	5	0
web/src/pages/op/OpNotificationSend.tsx	ok	2026-04-15T13:51:22.603Z	80b96fd0-7b38-4395-931e-d4fab8d49c96	10	0
web/src/pages/op/OpNotifications.tsx	ok	2026-04-15T11:28:45.924Z	80b96fd0-7b38-4395-931e-d4fab8d49c96	8	0
web/src/pages/op/OpProfile.tsx	edit-only-no-baseline	2026-04-15T20:34:11.972Z	80b96fd0-7b38-4395-931e-d4fab8d49c96	2	0
web/src/pages/op/OpReports.tsx	ok	2026-04-16T12:16:01.815Z	933463e3-5720-44e1-abe4-1849f13e654a	1	0
web/src/pages/op/OpSettings.tsx	ok	2026-04-13T13:03:44.191Z	95885aa8-75d8-4610-93a5-96d2ca543bcc	3	0
web/src/pages/op/OpShell.tsx	ok	2026-04-16T12:17:05.017Z	933463e3-5720-44e1-abe4-1849f13e654a	20	0
web/src/pages/op/OpSubscriptionDetail.tsx	edit-only-no-baseline	2026-04-12T07:32:00.759Z	408e744e-78ee-4abd-8410-75f31bd6b514	6	0
web/src/pages/op/OpSubscriptions.tsx	edit-only-no-baseline	2026-04-12T07:31:38.459Z	408e744e-78ee-4abd-8410-75f31bd6b514	1	0
web/src/pages/op/OpTenantDetail.tsx	ok	2026-04-13T13:27:49.697Z	95885aa8-75d8-4610-93a5-96d2ca543bcc	1	0
web/src/pages/op/OpTenants.tsx	edit-only-no-baseline	2026-04-13T07:23:31.199Z	3b82b9a0-d7ed-45df-9847-635a1e01a96b	4	0
web/src/pages/op/notifications/IOSNotificationPreview.tsx	ok	2026-04-15T11:27:20.713Z	80b96fd0-7b38-4395-931e-d4fab8d49c96	1	0
web/src/pages/op/reports/OpOtpSmsLogs.tsx	ok	2026-04-18T15:36:45.287Z	933463e3-5720-44e1-abe4-1849f13e654a	11	0
web/src/pages/op/settings/OpSettingsApns.tsx	ok	2026-04-13T13:00:49.086Z	agent-a98db6f164a8876c6	1	0
web/src/pages/op/settings/OpSettingsAppIcon.tsx	ok	2026-04-16T21:21:30.805Z	ccd8c76c-ba0b-4bba-b552-d84037291910	3	0
web/src/pages/op/settings/OpSettingsAppleWallet.tsx	ok	2026-04-13T13:58:03.056Z	95885aa8-75d8-4610-93a5-96d2ca543bcc	7	0
web/src/pages/op/settings/OpSettingsFcm.tsx	ok	2026-04-13T13:01:05.061Z	agent-a98db6f164a8876c6	1	0
web/src/pages/op/settings/OpSettingsFeatures.tsx	ok	2026-04-13T13:03:07.877Z	agent-a98db6f164a8876c6	1	0
web/src/pages/op/settings/OpSettingsGoogleWallet.tsx	ok	2026-04-13T13:02:54.092Z	agent-a98db6f164a8876c6	1	0
web/src/pages/op/settings/OpSettingsIndex.tsx	ok	2026-04-16T12:00:37.519Z	933463e3-5720-44e1-abe4-1849f13e654a	3	0
web/src/pages/op/settings/OpSettingsOtpSms.tsx	ok	2026-04-18T15:36:18.130Z	933463e3-5720-44e1-abe4-1849f13e654a	10	0
web/src/pages/op/settings/OpSettingsVapid.tsx	ok	2026-04-13T13:00:24.145Z	agent-a98db6f164a8876c6	1	0
web/src/pages/public/IssuedCard.tsx	edit-only-no-baseline	2026-04-09T08:43:48.026Z	95885aa8-75d8-4610-93a5-96d2ca543bcc	2	0
web/src/pages/public/Register.tsx	edit-only-no-baseline	2026-04-12T09:55:23.404Z	3b82b9a0-d7ed-45df-9847-635a1e01a96b	4	0
web/src/pages/reports/IssuedCardsReport.tsx	edit-only-no-baseline	2026-04-11T15:03:58.451Z	95885aa8-75d8-4610-93a5-96d2ca543bcc	1	0
web/src/pages/reports/StampsReport.tsx	edit-only-no-baseline	2026-04-11T15:03:50.523Z	95885aa8-75d8-4610-93a5-96d2ca543bcc	1	0
web/src/pages/scan/Scan.tsx	edit-only-no-baseline	2026-04-12T08:06:32.012Z	408e744e-78ee-4abd-8410-75f31bd6b514	3	0
web/src/pages/settings/integrations/IntegrationSms.tsx	edit-only-no-baseline	2026-04-16T11:36:54.503Z	933463e3-5720-44e1-abe4-1849f13e654a	10	0
web/src/pages/staff/Staff.tsx	edit-only-no-baseline	2026-04-12T08:25:45.487Z	408e744e-78ee-4abd-8410-75f31bd6b514	4	0
web/src/pages/staff/StaffEdit.tsx	edit-only-no-baseline	2026-04-15T20:34:47.475Z	80b96fd0-7b38-4395-931e-d4fab8d49c96	6	0
web/src/pages/staff/StaffFormModal.tsx	edit-only-no-baseline	2026-04-15T20:41:18.717Z	80b96fd0-7b38-4395-931e-d4fab8d49c96	3	0
web/src/pages/wallet/WalletAnnouncePage.tsx	edit-only-no-baseline	2026-04-12T08:13:49.074Z	408e744e-78ee-4abd-8410-75f31bd6b514	2	0
web/src/types/customer.ts	edit-only-no-baseline	2026-04-09T12:39:33.038Z	760e980a-60c6-4ce2-b981-c8381dd53d7c	1	0
web/vite.config.ts	edit-only-no-baseline	2026-04-12T09:49:30.284Z	408e744e-78ee-4abd-8410-75f31bd6b514	2	0
